Tanggal,Harga_Bandung,Garut_PRECTOTCORR,Garut_T2M,Garut_RH2M
2022-01-03,77400.0,2.65,22.0,88.45
2022-01-04,77050.0,0.09,22.78,81.91
2022-01-05,75450.0,4.52,23.36,86.26
2022-01-06,64250.0,21.95,23.45,88.34
2022-01-07,64250.0,44.62,22.81,90.41
2022-01-08,64250.0,6.13,23.74,87.08
2022-01-09,64250.0,17.08,23.66,89.65
2022-01-10,64250.0,13.68,23.68,89.61
2022-01-11,64000.0,12.93,22.8,91.9
2022-01-12,63400.0,13.8,22.04,92.95
2022-01-13,51650.0,9.2,22.21,90.73
2022-01-14,51650.0,2.35,22.41,88.57
2022-01-15,51650.0,3.12,22.9,89.01
2022-01-16,51650.0,0.89,22.97,89.37
2022-01-17,51650.0,8.26,23.43,86.65
2022-01-18,51550.0,11.7,22.97,91.49
2022-01-19,51550.0,29.95,22.56,90.72
2022-01-20,47350.0,2.82,21.74,91.51
2022-01-21,47350.0,2.43,22.74,89.17
2022-01-22,47350.0,0.76,23.31,86.46
2022-01-23,47350.0,2.46,23.79,87.3
2022-01-24,47350.0,5.52,23.72,86.67
2022-01-25,47200.0,1.96,23.67,88.15
2022-01-26,46850.0,0.66,23.5,88.07
2022-01-27,39400.0,1.87,23.21,87.8
2022-01-28,39150.0,1.88,23.17,86.4
2022-01-29,39150.0,2.0,23.53,85.54
2022-01-30,39150.0,1.82,23.99,86.41
2022-01-31,39150.0,10.16,23.17,89.83
2022-02-01,39150.0,13.87,23.19,85.13
2022-02-02,39050.0,7.1,22.66,88.09
2022-02-03,39300.0,9.23,23.38,85.4
2022-02-04,39300.0,10.97,23.44,88.1
2022-02-05,39300.0,13.88,23.26,90.61
2022-02-06,39300.0,9.09,22.67,90.97
2022-02-07,39300.0,7.29,22.39,93.22
2022-02-08,39300.0,11.6,22.78,90.32
2022-02-09,39650.0,14.62,22.82,89.93
2022-02-10,42850.0,2.22,23.12,86.8
2022-02-11,42850.0,0.47,22.73,88.12
2022-02-12,42850.0,0.98,22.67,90.98
2022-02-13,42850.0,2.88,22.49,92.06
2022-02-14,42850.0,4.05,22.66,90.98
2022-02-15,42900.0,9.3,23.09,87.35
2022-02-16,42900.0,6.59,22.92,87.88
2022-02-17,45550.0,14.25,22.93,90.07
2022-02-18,45550.0,8.23,22.55,90.39
2022-02-19,45550.0,12.99,23.32,88.42
2022-02-20,45550.0,8.77,23.22,87.42
2022-02-21,45550.0,5.24,23.46,85.75
2022-02-22,45550.0,28.33,23.05,84.81
2022-02-23,46050.0,11.12,22.83,84.94
2022-02-24,52350.0,9.23,23.17,85.82
2022-02-25,52350.0,1.86,22.85,85.93
2022-02-26,52350.0,1.26,22.37,87.13
2022-02-27,52350.0,7.82,22.62,85.73
2022-02-28,52350.0,2.88,22.92,85.4
2022-03-01,52650.0,2.84,22.8,85.99
2022-03-02,57300.0,8.22,23.01,87.86
2022-03-03,58700.0,5.49,23.04,85.48
2022-03-04,58700.0,7.88,23.07,88.7
2022-03-05,58700.0,31.39,23.05,90.25
2022-03-06,58700.0,16.01,22.78,90.27
2022-03-07,58700.0,16.26,22.49,91.7
2022-03-08,58850.0,8.41,23.61,84.19
2022-03-09,59000.0,15.28,23.07,88.71
2022-03-10,61250.0,18.22,23.12,87.07
2022-03-11,61250.0,40.29,23.32,90.19
2022-03-12,61250.0,13.43,23.6,89.97
2022-03-13,61250.0,10.74,23.81,87.53
2022-03-14,61250.0,26.87,23.88,91.31
2022-03-15,61100.0,11.54,22.03,91.96
2022-03-16,60800.0,0.85,23.11,87.44
2022-03-17,55250.0,3.49,23.66,88.66
2022-03-18,55300.0,9.13,23.84,92.45
2022-03-19,55300.0,13.93,23.69,89.35
2022-03-20,55300.0,3.75,23.38,89.61
2022-03-21,55300.0,2.27,22.75,87.14
2022-03-22,55300.0,8.02,22.55,87.08
2022-03-23,55150.0,7.26,23.02,87.28
2022-03-24,53050.0,0.42,23.4,82.07
2022-03-25,51650.0,8.43,23.45,89.79
2022-03-26,51650.0,15.41,22.92,89.13
2022-03-27,51650.0,16.79,23.63,86.18
2022-03-28,51650.0,11.8,23.59,87.06
2022-03-29,51450.0,0.29,23.57,86.2
2022-03-30,51400.0,1.63,23.72,85.4
2022-03-31,51200.0,23.86,23.16,89.59
2022-04-01,51200.0,3.32,23.46,81.92
2022-04-02,51200.0,5.22,23.56,86.02
2022-04-03,51200.0,12.75,22.56,92.89
2022-04-04,51200.0,10.05,23.05,85.63
2022-04-05,51100.0,14.43,23.6,86.84
2022-04-06,51300.0,5.51,23.28,88.22
2022-04-07,53250.0,5.88,23.06,86.03
2022-04-08,53250.0,9.02,22.78,89.08
2022-04-09,53250.0,8.93,23.24,86.83
2022-04-10,53250.0,11.87,23.04,90.01
2022-04-11,53250.0,12.65,23.12,90.03
2022-04-12,52950.0,25.36,23.71,89.76
2022-04-13,52350.0,6.93,23.27,89.56
2022-04-14,40250.0,1.77,23.45,89.12
2022-04-15,38250.0,14.28,23.73,89.47
2022-04-16,38250.0,7.23,24.11,87.63
2022-04-17,38250.0,5.78,23.97,89.85
2022-04-18,38250.0,12.54,24.32,87.51
2022-04-19,38250.0,56.12,23.32,92.48
2022-04-20,38300.0,26.43,22.76,94.28
2022-04-21,37750.0,33.12,22.68,92.2
2022-04-22,37750.0,5.6,23.21,90.85
2022-04-23,37750.0,2.31,23.96,85.45
2022-04-24,37750.0,9.65,23.6,89.87
2022-04-25,37750.0,12.56,23.8,87.44
2022-04-26,37800.0,10.92,23.35,87.34
2022-04-27,38150.0,10.6,23.0,91.62
2022-04-28,36650.0,3.48,22.88,91.95
2022-04-29,36650.0,5.03,23.68,85.31
2022-04-30,36650.0,4.67,23.56,90.39
2022-05-01,36650.0,4.01,23.33,90.07
2022-05-02,36650.0,12.71,23.53,88.72
2022-05-03,36650.0,2.55,23.63,89.14
2022-05-04,36700.0,7.25,23.58,92.65
2022-05-05,38000.0,8.18,22.9,94.69
2022-05-06,37050.0,3.34,22.42,91.92
2022-05-07,37050.0,0.86,23.73,86.71
2022-05-08,37050.0,3.76,23.34,92.75
2022-05-09,38500.0,23.44,23.65,87.97
2022-05-10,38450.0,17.13,24.12,87.71
2022-05-11,38200.0,2.54,24.66,88.58
2022-05-12,35250.0,2.91,23.59,89.6
2022-05-13,35250.0,2.65,24.12,88.34
2022-05-14,35250.0,1.99,23.84,92.64
2022-05-15,35250.0,6.0,23.75,92.0
2022-05-16,35250.0,19.65,23.81,89.8
2022-05-17,35400.0,7.87,23.16,89.33
2022-05-18,35600.0,5.22,23.32,88.39
2022-05-19,40950.0,18.22,22.21,90.78
2022-05-20,40950.0,7.0,22.65,90.07
2022-05-21,40950.0,7.86,23.24,92.04
2022-05-22,40950.0,2.11,22.76,91.81
2022-05-23,40950.0,0.88,22.46,92.36
2022-05-24,41250.0,2.97,23.11,91.74
2022-05-25,41900.0,5.39,22.71,92.75
2022-05-26,46600.0,10.75,21.92,86.37
2022-05-27,46600.0,3.58,23.21,86.96
2022-05-28,46600.0,8.2,23.22,90.21
2022-05-29,46600.0,1.91,23.18,87.99
2022-05-30,46600.0,5.5,22.96,88.8
2022-05-31,46900.0,1.33,23.21,83.73
2022-06-01,46900.0,0.55,23.37,87.69
2022-06-02,55500.0,9.49,23.22,89.13
2022-06-03,55500.0,1.12,22.78,88.99
2022-06-04,55500.0,0.92,23.02,89.07
2022-06-05,55500.0,7.42,22.83,92.41
2022-06-06,55500.0,24.65,22.04,91.77
2022-06-07,56000.0,4.24,22.01,94.06
2022-06-08,56550.0,4.1,22.87,88.36
2022-06-09,70150.0,3.75,22.26,88.62
2022-06-10,70150.0,5.52,22.86,84.4
2022-06-11,70150.0,6.84,22.89,91.47
2022-06-12,70150.0,7.76,23.43,88.14
2022-06-13,70150.0,7.23,21.99,93.62
2022-06-14,70650.0,6.68,22.16,90.31
2022-06-15,70850.0,2.63,22.44,91.53
2022-06-16,77450.0,1.15,22.29,89.33
2022-06-17,77450.0,2.66,22.13,88.7
2022-06-18,77450.0,1.06,22.74,85.85
2022-06-19,77450.0,1.57,22.63,91.2
2022-06-20,77450.0,11.56,22.66,92.11
2022-06-21,77400.0,3.62,22.2,91.94
2022-06-22,77550.0,1.09,22.71,91.45
2022-06-23,81000.0,0.46,22.72,89.74
2022-06-24,81000.0,2.24,22.02,95.73
2022-06-25,81000.0,4.55,22.37,91.86
2022-06-26,81000.0,15.5,21.74,95.5
2022-06-27,81000.0,15.07,22.36,93.11
2022-06-28,81150.0,1.17,21.81,89.21
2022-06-29,81150.0,0.46,21.49,88.87
2022-06-30,80650.0,0.08,21.34,87.42
2022-07-01,80650.0,0.08,21.92,91.91
2022-07-02,80650.0,3.02,22.37,91.28
2022-07-03,80650.0,3.23,22.95,91.86
2022-07-04,80650.0,0.22,22.55,92.29
2022-07-05,80800.0,1.2,23.59,83.59
2022-07-06,81050.0,14.47,23.15,89.6
2022-07-07,81250.0,2.34,22.27,91.12
2022-07-08,81250.0,0.27,21.41,90.17
2022-07-09,81250.0,0.34,20.54,89.35
2022-07-10,81250.0,1.45,21.15,90.24
2022-07-11,81250.0,0.28,22.17,90.16
2022-07-12,81200.0,7.24,22.73,91.98
2022-07-13,81350.0,15.29,22.03,93.46
2022-07-14,83900.0,6.66,22.36,90.78
2022-07-15,83350.0,30.46,22.89,92.43
2022-07-16,83350.0,43.19,22.54,94.21
2022-07-17,83350.0,2.22,22.08,93.72
2022-07-18,83350.0,0.91,22.43,91.62
2022-07-19,82950.0,0.45,22.71,90.88
2022-07-20,81800.0,0.04,22.61,89.09
2022-07-21,67750.0,0.08,21.99,90.53
2022-07-22,67750.0,0.39,22.24,90.55
2022-07-23,67750.0,7.03,22.52,90.33
2022-07-24,67750.0,7.33,22.09,90.41
2022-07-25,67750.0,0.5,20.77,89.19
2022-07-26,67450.0,0.01,20.45,88.36
2022-07-27,67400.0,0.0,21.31,88.16
2022-07-28,60550.0,0.03,22.28,90.02
2022-07-29,60550.0,1.87,22.67,89.01
2022-07-30,60550.0,1.09,22.66,87.37
2022-07-31,60550.0,0.0,22.29,87.93
2022-08-01,60550.0,0.29,22.46,84.69
2022-08-02,60450.0,0.39,22.23,87.99
2022-08-03,60350.0,1.03,22.87,89.86
2022-08-04,59100.0,1.82,22.91,90.48
2022-08-05,59050.0,0.09,21.46,85.13
2022-08-06,59050.0,1.9,21.37,89.01
2022-08-07,59050.0,4.09,21.8,89.92
2022-08-08,59050.0,0.65,21.76,89.11
2022-08-09,58850.0,6.05,22.29,89.09
2022-08-10,58800.0,3.97,22.52,89.69
2022-08-11,57950.0,2.42,22.84,90.18
2022-08-12,57950.0,8.51,23.5,90.19
2022-08-13,57950.0,10.46,23.56,88.09
2022-08-14,57950.0,6.46,23.0,92.18
2022-08-15,57950.0,2.97,23.03,88.14
2022-08-16,57650.0,4.34,22.8,87.99
2022-08-17,57650.0,1.83,21.51,90.4
2022-08-18,53650.0,0.3,21.86,89.2
2022-08-19,53650.0,0.16,22.54,88.75
2022-08-20,53650.0,0.09,22.29,88.55
2022-08-21,53650.0,3.62,22.1,88.89
2022-08-22,53650.0,0.91,22.21,89.56
2022-08-23,53350.0,0.07,22.46,88.46
2022-08-24,53200.0,0.05,21.96,87.93
2022-08-25,48000.0,0.02,21.49,87.86
2022-08-26,48000.0,0.73,22.38,88.78
2022-08-27,48000.0,5.43,22.21,89.45
2022-08-28,48000.0,1.2,21.78,88.59
2022-08-29,48000.0,1.4,21.68,87.92
2022-08-30,48050.0,0.39,22.31,86.57
2022-08-31,48200.0,0.39,22.62,88.02
2022-09-01,48950.0,1.37,22.93,89.83
2022-09-02,48950.0,0.85,23.05,89.11
2022-09-03,48950.0,13.16,23.14,87.4
2022-09-04,48950.0,3.27,22.9,85.56
2022-09-05,48950.0,4.62,22.71,84.82
2022-09-06,49250.0,8.32,23.22,87.17
2022-09-07,49450.0,17.62,22.89,89.68
2022-09-08,52350.0,16.62,22.33,87.69
2022-09-09,52350.0,17.38,22.42,89.28
2022-09-10,52350.0,18.81,22.55,89.62
2022-09-11,52350.0,12.64,22.35,92.94
2022-09-12,52350.0,7.15,23.29,86.08
2022-09-13,52550.0,4.01,23.05,86.86
2022-09-14,52600.0,2.96,22.08,91.93
2022-09-15,52550.0,7.72,22.54,89.41
2022-09-16,52550.0,6.39,22.34,90.62
2022-09-17,52550.0,5.36,22.9,90.15
2022-09-18,52550.0,0.52,22.61,89.05
2022-09-19,52550.0,0.62,22.7,87.54
2022-09-20,52450.0,10.37,22.43,89.16
2022-09-21,53150.0,7.89,22.26,91.1
2022-09-22,56150.0,13.96,22.56,91.68
2022-09-23,56550.0,11.08,22.66,90.24
2022-09-24,56550.0,2.46,23.34,88.46
2022-09-25,56550.0,0.57,22.96,88.41
2022-09-26,56550.0,1.49,22.74,88.43
2022-09-27,56650.0,0.66,22.54,87.74
2022-09-28,56450.0,0.21,22.35,87.41
2022-09-29,52800.0,0.12,22.8,86.76
2022-09-30,52750.0,2.7,22.77,89.35
2022-10-01,52750.0,2.71,23.79,86.69
2022-10-02,52750.0,4.94,23.83,85.73
2022-10-03,52750.0,27.63,22.8,91.81
2022-10-04,52700.0,30.02,23.06,89.88
2022-10-05,52500.0,8.32,22.89,89.07
2022-10-06,51700.0,12.91,22.5,90.93
2022-10-07,51700.0,20.84,22.54,88.54
2022-10-08,51700.0,17.71,22.73,93.08
2022-10-09,51700.0,15.95,22.85,91.92
2022-10-10,51700.0,4.91,22.94,89.94
2022-10-11,51650.0,8.7,22.39,90.46
2022-10-12,51400.0,8.37,22.36,90.61
2022-10-13,48000.0,9.66,22.06,91.41
2022-10-14,48000.0,2.69,23.06,87.94
2022-10-15,48000.0,14.59,22.58,90.86
2022-10-16,48000.0,1.0,23.22,88.12
2022-10-17,48000.0,1.1,22.82,90.29
2022-10-18,47800.0,5.04,23.08,89.64
2022-10-19,47450.0,15.69,23.31,89.85
2022-10-20,43100.0,8.39,23.29,90.73
2022-10-21,43000.0,9.98,22.79,92.3
2022-10-22,43000.0,19.57,23.7,89.23
2022-10-23,43000.0,7.11,23.76,88.33
2022-10-24,43000.0,5.52,22.74,89.42
2022-10-25,42500.0,44.92,22.82,87.85
2022-10-26,42750.0,10.08,22.32,90.85
2022-10-27,40100.0,6.09,22.69,88.01
2022-10-28,40100.0,3.01,22.17,87.76
2022-10-29,40100.0,1.29,22.31,87.58
2022-10-30,40100.0,0.64,22.08,87.96
2022-10-31,40100.0,2.97,22.03,88.78
2022-11-01,39900.0,26.95,22.58,89.78
2022-11-02,39500.0,9.11,23.43,88.36
2022-11-03,37050.0,12.12,23.46,87.86
2022-11-04,37050.0,28.41,22.82,91.29
2022-11-05,37050.0,8.3,23.37,88.19
2022-11-06,37050.0,19.79,22.81,91.73
2022-11-07,37050.0,10.42,22.63,88.62
2022-11-08,36950.0,2.04,23.12,88.24
2022-11-09,36950.0,18.82,22.82,93.32
2022-11-10,36250.0,23.56,23.49,87.9
2022-11-11,36250.0,7.28,23.07,89.08
2022-11-12,36250.0,6.71,22.89,90.77
2022-11-13,36250.0,18.05,23.44,91.78
2022-11-14,36250.0,9.47,23.2,91.88
2022-11-15,36250.0,7.7,22.75,95.39
2022-11-16,36150.0,5.58,22.64,90.68
2022-11-17,35150.0,10.28,22.94,91.54
2022-11-18,35150.0,13.95,22.93,90.1
2022-11-19,35150.0,0.87,22.78,88.6
2022-11-20,35150.0,3.37,22.34,88.07
2022-11-21,35150.0,1.98,23.33,85.94
2022-11-22,35250.0,12.84,23.19,87.71
2022-11-23,35500.0,11.81,23.25,89.25
2022-11-24,38700.0,12.57,23.08,90.78
2022-11-25,38700.0,11.39,22.32,89.73
2022-11-26,38700.0,19.63,22.08,90.1
2022-11-27,38700.0,11.91,22.39,87.57
2022-11-28,38700.0,9.81,23.22,88.75
2022-11-29,38700.0,36.38,22.92,88.28
2022-11-30,38650.0,10.72,22.34,91.79
2022-12-01,38450.0,19.15,22.73,89.05
2022-12-02,38450.0,18.28,22.66,89.9
2022-12-03,38450.0,7.62,22.74,88.34
2022-12-04,38450.0,6.75,22.36,90.18
2022-12-05,38450.0,2.44,22.38,90.7
2022-12-06,38650.0,7.02,22.76,91.04
2022-12-07,38800.0,7.72,23.29,88.82
2022-12-08,45250.0,13.62,22.98,90.0
2022-12-09,45300.0,14.69,23.01,88.97
2022-12-10,45300.0,4.59,23.27,89.69
2022-12-11,45300.0,13.02,23.24,88.47
2022-12-12,45300.0,8.99,22.9,90.57
2022-12-13,45400.0,9.6,22.72,91.8
2022-12-14,45500.0,1.82,22.88,92.23
2022-12-15,43250.0,12.63,23.19,88.57
2022-12-16,43250.0,18.34,23.08,89.1
2022-12-17,43250.0,15.86,23.66,86.73
2022-12-18,43250.0,4.87,23.91,85.94
2022-12-19,43250.0,8.75,23.47,89.59
2022-12-20,43350.0,5.55,23.83,86.92
2022-12-21,43250.0,6.88,23.29,89.01
2022-12-22,44250.0,6.29,22.76,89.84
2022-12-23,44600.0,2.68,22.19,91.18
2022-12-24,44600.0,2.94,22.24,88.7
2022-12-25,44600.0,4.34,22.12,88.56
2022-12-26,44600.0,10.34,22.4,88.26
2022-12-27,44650.0,1.88,21.73,88.23
2022-12-28,44650.0,5.58,22.38,88.92
2022-12-29,48750.0,13.95,22.32,91.31
2022-12-30,48750.0,3.03,21.92,93.93
2022-12-31,48750.0,11.99,21.82,94.02
2023-01-01,48750.0,10.93,21.71,90.55
2023-01-02,48750.0,1.17,22.34,89.83
2023-01-03,48850.0,0.88,22.2,89.94
2023-01-04,49850.0,4.87,22.11,88.44
2023-01-05,55950.0,2.08,22.18,86.41
2023-01-06,55950.0,7.9,22.3,88.2
2023-01-07,55950.0,4.45,23.26,86.18
2023-01-08,55950.0,5.42,23.03,87.24
2023-01-09,55950.0,5.07,23.17,86.36
2023-01-10,56050.0,2.25,23.03,87.14
2023-01-11,55550.0,6.09,23.14,86.52
2023-01-12,52800.0,2.24,23.67,85.41
2023-01-13,52800.0,4.8,22.89,87.38
2023-01-14,52800.0,0.95,23.69,83.95
2023-01-15,52800.0,8.59,23.65,88.17
2023-01-16,52800.0,8.29,23.53,86.67
2023-01-17,52800.0,4.24,22.82,89.27
2023-01-18,52550.0,5.74,22.6,90.97
2023-01-19,46650.0,2.22,22.26,89.43
2023-01-20,46650.0,10.82,22.77,88.63
2023-01-21,46650.0,10.84,23.11,88.66
2023-01-22,46650.0,27.76,23.09,89.93
2023-01-23,46650.0,6.19,23.55,85.85
2023-01-24,46550.0,3.15,23.35,87.2
2023-01-25,46050.0,10.34,22.27,90.38
2023-01-26,44750.0,6.22,22.43,88.6
2023-01-27,44400.0,4.29,22.46,89.66
2023-01-28,44400.0,12.59,22.54,90.74
2023-01-29,44400.0,1.66,22.87,91.26
2023-01-30,44400.0,1.02,23.0,91.36
2023-01-31,44350.0,4.04,23.08,87.91
2023-02-01,45100.0,5.03,22.49,88.15
2023-02-02,44750.0,1.62,22.06,92.04
2023-02-03,44750.0,0.38,22.05,88.13
2023-02-04,44750.0,0.17,22.46,87.26
2023-02-05,44750.0,2.39,23.04,83.84
2023-02-06,44750.0,1.21,22.94,86.08
2023-02-07,44850.0,4.23,23.05,87.79
2023-02-08,44700.0,2.44,22.32,89.58
2023-02-09,48050.0,2.08,21.95,85.57
2023-02-10,48150.0,10.73,23.04,86.11
2023-02-11,48150.0,13.98,21.83,90.46
2023-02-12,48150.0,20.64,21.39,90.27
2023-02-13,48150.0,6.26,22.22,85.46
2023-02-14,48100.0,6.9,22.11,88.28
2023-02-15,48100.0,34.61,22.09,87.29
2023-02-16,47550.0,12.11,22.55,87.35
2023-02-17,47550.0,4.04,22.76,87.63
2023-02-18,47550.0,9.87,23.25,87.63
2023-02-19,47550.0,39.48,23.32,87.86
2023-02-20,47550.0,6.86,22.62,85.15
2023-02-21,47700.0,8.29,22.71,87.25
2023-02-22,47800.0,4.49,22.38,91.08
2023-02-23,52800.0,18.32,22.3,93.48
2023-02-24,52800.0,17.26,21.86,92.13
2023-02-25,52800.0,12.92,21.42,92.53
2023-02-26,52800.0,12.18,21.77,89.85
2023-02-27,52800.0,23.84,21.69,93.17
2023-02-28,52750.0,4.78,21.96,89.56
2023-03-01,52750.0,13.05,22.51,87.89
2023-03-02,54050.0,9.9,22.04,89.89
2023-03-03,54050.0,5.92,22.58,87.66
2023-03-04,54050.0,3.75,22.51,88.62
2023-03-05,54050.0,4.31,22.14,90.13
2023-03-06,54050.0,19.14,22.76,88.11
2023-03-07,54200.0,10.19,23.44,84.71
2023-03-08,54350.0,12.78,23.27,89.61
2023-03-09,59000.0,8.97,22.98,91.08
2023-03-10,59000.0,9.93,23.57,88.54
2023-03-11,59000.0,6.65,23.01,87.31
2023-03-12,59000.0,4.1,23.32,84.88
2023-03-13,59000.0,6.63,23.04,80.71
2023-03-14,58950.0,2.07,23.11,84.05
2023-03-15,59400.0,9.33,22.11,93.8
2023-03-16,61850.0,3.49,22.94,89.6
2023-03-17,61850.0,18.48,22.72,89.12
2023-03-18,61850.0,14.31,22.85,92.94
2023-03-19,61850.0,7.9,23.22,91.92
2023-03-20,61850.0,41.1,23.9,84.77
2023-03-21,61500.0,6.97,22.89,90.21
2023-03-22,61500.0,7.28,23.37,89.29
2023-03-23,60500.0,3.69,24.27,85.76
2023-03-24,59700.0,1.87,24.02,87.59
2023-03-25,59700.0,13.08,23.63,89.91
2023-03-26,59700.0,23.89,23.63,90.9
2023-03-27,59700.0,10.64,22.89,90.93
2023-03-28,59000.0,0.84,23.22,90.4
2023-03-29,60050.0,4.19,22.98,91.41
2023-03-30,48350.0,6.07,22.93,88.99
2023-03-31,48350.0,9.15,23.1,88.87
2023-04-01,48350.0,5.19,22.46,91.24
2023-04-02,48350.0,11.54,23.14,86.12
2023-04-03,48350.0,10.69,23.08,88.26
2023-04-04,48200.0,0.5,23.09,83.98
2023-04-05,47150.0,3.03,23.58,85.15
2023-04-06,38300.0,1.41,22.87,85.84
2023-04-07,38300.0,2.19,22.78,84.8
2023-04-08,38300.0,6.27,23.46,86.45
2023-04-09,38300.0,28.7,23.08,88.26
2023-04-10,38300.0,6.48,23.08,87.33
2023-04-11,38000.0,0.85,23.34,85.57
2023-04-12,38100.0,23.03,24.13,87.51
2023-04-13,35550.0,3.36,23.58,90.6
2023-04-14,35550.0,13.22,23.53,89.98
2023-04-15,35550.0,19.34,23.9,89.22
2023-04-16,35550.0,26.0,23.74,88.32
2023-04-17,35550.0,3.69,23.98,87.27
2023-04-18,35700.0,2.19,23.87,90.09
2023-04-19,35700.0,5.82,23.53,92.06
2023-04-20,35900.0,9.07,23.77,90.36
2023-04-21,31900.0,5.48,23.54,92.28
2023-04-22,31900.0,6.68,23.48,93.28
2023-04-23,31900.0,6.81,23.6,92.89
2023-04-24,31900.0,5.29,24.15,90.85
2023-04-25,31600.0,1.77,24.23,85.57
2023-04-26,34150.0,5.49,23.82,85.78
2023-04-27,34150.0,38.56,23.95,91.47
2023-04-28,34150.0,14.8,23.6,91.7
2023-04-29,34150.0,1.94,23.8,86.37
2023-04-30,34150.0,12.09,24.25,87.36
2023-05-01,34150.0,7.87,23.54,93.75
2023-05-02,33800.0,3.44,23.37,94.62
2023-05-03,33550.0,14.97,24.09,87.12
2023-05-04,32250.0,15.86,23.82,91.84
2023-05-05,32250.0,16.84,24.7,86.74
2023-05-06,32250.0,12.95,23.42,94.92
2023-05-07,32250.0,5.14,24.09,90.3
2023-05-08,32250.0,16.32,23.4,89.14
2023-05-09,32250.0,8.02,24.02,87.85
2023-05-10,32250.0,5.89,24.15,91.22
2023-05-11,33550.0,6.72,23.89,92.13
2023-05-12,33550.0,1.73,24.05,91.36
2023-05-13,33550.0,18.03,23.8,91.81
2023-05-14,33550.0,0.97,22.01,89.53
2023-05-15,33550.0,0.06,22.12,89.38
2023-05-16,33650.0,0.04,22.46,89.64
2023-05-17,33700.0,0.03,22.64,89.23
2023-05-18,34250.0,0.03,22.73,88.54
2023-05-19,33100.0,0.01,23.22,89.46
2023-05-20,33100.0,0.21,23.34,90.57
2023-05-21,33100.0,1.86,22.75,88.85
2023-05-22,33100.0,4.03,22.6,90.02
2023-05-23,33150.0,0.18,22.37,89.65
2023-05-24,33500.0,0.18,22.79,89.4
2023-05-25,37150.0,5.21,22.11,89.41
2023-05-26,37150.0,2.15,22.05,90.24
2023-05-27,37150.0,0.88,22.64,89.84
2023-05-28,37150.0,0.34,23.03,89.85
2023-05-29,37150.0,0.98,22.78,89.09
2023-05-30,37150.0,1.03,22.37,89.31
2023-05-31,37050.0,0.5,22.01,89.46
2023-06-01,37200.0,0.02,22.64,90.12
2023-06-02,38100.0,0.02,23.24,90.73
2023-06-03,38100.0,0.03,23.46,90.54
2023-06-04,38100.0,1.1,23.42,89.72
2023-06-05,37450.0,10.33,22.72,92.31
2023-06-06,37500.0,5.46,22.85,91.17
2023-06-07,37450.0,2.29,22.62,92.12
2023-06-08,39000.0,0.76,23.29,91.19
2023-06-09,39000.0,2.16,22.92,90.77
2023-06-10,39000.0,0.19,22.29,89.61
2023-06-11,39000.0,0.15,22.11,89.41
2023-06-12,39000.0,1.44,22.71,92.24
2023-06-13,39050.0,1.68,23.28,92.23
2023-06-14,39000.0,0.37,22.57,91.36
2023-06-15,38000.0,3.58,22.63,90.22
2023-06-16,38000.0,26.24,22.41,90.19
2023-06-17,38000.0,11.68,22.89,88.14
2023-06-18,38000.0,2.6,23.41,88.58
2023-06-19,38000.0,10.8,23.26,91.96
2023-06-20,37900.0,0.57,23.23,89.09
2023-06-21,38050.0,2.51,22.98,89.83
2023-06-22,37500.0,0.96,22.7,89.49
2023-06-23,37550.0,0.61,22.68,89.33
2023-06-24,37550.0,0.81,23.25,87.48
2023-06-25,37550.0,1.64,22.59,88.37
2023-06-26,37550.0,1.78,22.75,86.21
2023-06-27,37550.0,8.65,22.19,90.73
2023-06-28,37600.0,7.4,22.25,90.54
2023-06-29,38550.0,2.1,22.57,90.28
2023-06-30,37300.0,0.74,22.34,89.45
2023-07-01,37300.0,0.35,22.52,89.52
2023-07-02,37300.0,0.31,22.55,89.82
2023-07-03,38700.0,0.18,22.8,88.95
2023-07-04,38650.0,0.07,22.66,87.62
2023-07-05,38450.0,1.16,22.81,88.84
2023-07-06,37350.0,12.3,22.97,89.68
2023-07-07,37350.0,16.72,22.47,92.03
2023-07-08,37350.0,12.96,22.02,93.77
2023-07-09,37350.0,5.95,22.66,90.31
2023-07-10,37350.0,1.07,22.9,88.53
2023-07-11,37400.0,0.08,22.73,89.23
2023-07-12,37250.0,0.02,21.33,87.69
2023-07-13,34200.0,0.37,21.83,89.59
2023-07-14,34200.0,0.48,22.19,90.41
2023-07-15,34200.0,0.06,22.36,89.81
2023-07-16,34200.0,1.44,22.19,89.36
2023-07-17,34200.0,0.37,21.24,89.17
2023-07-18,34100.0,0.0,21.06,87.98
2023-07-19,34100.0,0.0,20.68,88.75
2023-07-20,34050.0,0.01,20.9,87.79
2023-07-21,34050.0,0.03,21.28,88.41
2023-07-22,34050.0,0.02,21.34,88.21
2023-07-23,34050.0,0.02,21.9,88.43
2023-07-24,34050.0,0.02,22.23,84.8
2023-07-25,34150.0,1.98,21.96,88.25
2023-07-26,34100.0,0.78,21.48,87.37
2023-07-27,35300.0,0.21,20.53,86.96
2023-07-28,35300.0,0.02,20.48,87.7
2023-07-29,35300.0,0.01,20.53,87.44
2023-07-30,35300.0,0.16,20.23,87.42
2023-07-31,35300.0,0.18,20.88,88.47
2023-08-01,35400.0,0.01,21.76,87.08
2023-08-02,35550.0,1.48,22.89,86.75
2023-08-03,39250.0,5.58,22.63,89.15
2023-08-04,39300.0,0.64,21.96,88.25
2023-08-05,39300.0,0.24,21.74,87.61
2023-08-06,39300.0,1.04,22.14,87.7
2023-08-07,39300.0,0.4,22.19,88.08
2023-08-08,39350.0,0.07,22.17,88.06
2023-08-09,39300.0,0.01,21.23,87.04
2023-08-10,42000.0,0.0,21.42,85.5
2023-08-11,42000.0,0.0,20.38,84.61
2023-08-12,42000.0,0.02,20.3,86.43
2023-08-13,42000.0,0.03,20.87,86.38
2023-08-14,42000.0,0.0,20.81,86.38
2023-08-15,42100.0,0.01,21.3,86.26
2023-08-16,42200.0,0.22,21.29,86.02
2023-08-17,42750.0,0.32,21.06,86.66
2023-08-18,40850.0,0.02,21.15,85.58
2023-08-19,40850.0,0.0,21.4,86.73
2023-08-20,40850.0,0.0,21.15,86.97
2023-08-21,40850.0,0.0,20.89,86.53
2023-08-22,40800.0,0.0,21.46,86.96
2023-08-23,40850.0,0.0,21.51,85.96
2023-08-24,38850.0,0.0,21.57,85.96
2023-08-25,38850.0,0.03,21.77,86.06
2023-08-26,38850.0,0.02,21.71,85.67
2023-08-27,38850.0,1.23,21.64,85.04
2023-08-28,38850.0,0.28,21.57,83.0
2023-08-29,38700.0,0.0,21.57,84.03
2023-08-30,38700.0,0.0,21.48,84.17
2023-08-31,34100.0,0.0,21.56,84.23
2023-09-01,34100.0,0.0,21.13,84.19
2023-09-02,34100.0,0.0,20.26,83.45
2023-09-03,34100.0,0.0,20.01,84.46
2023-09-04,34100.0,0.0,20.26,83.67
2023-09-05,34050.0,0.0,20.8,83.58
2023-09-06,34050.0,0.0,21.55,85.06
2023-09-07,32850.0,0.0,22.24,84.21
2023-09-08,32850.0,0.0,22.27,83.51
2023-09-09,32850.0,0.0,21.93,80.24
2023-09-10,32850.0,0.0,21.01,81.12
2023-09-11,32850.0,0.0,22.0,82.89
2023-09-12,32700.0,0.0,22.66,85.17
2023-09-13,32300.0,0.01,22.1,83.39
2023-09-14,31450.0,0.06,21.57,83.47
2023-09-15,31450.0,0.02,21.79,82.51
2023-09-16,31450.0,4.02,22.61,84.41
2023-09-17,31450.0,0.95,22.55,84.21
2023-09-18,31450.0,0.06,22.34,83.26
2023-09-19,31450.0,0.2,22.4,83.18
2023-09-20,31400.0,0.03,22.85,81.86
2023-09-21,31700.0,0.02,22.9,80.88
2023-09-22,31700.0,0.0,21.82,80.68
2023-09-23,31700.0,0.0,21.71,81.4
2023-09-24,31700.0,0.0,22.66,81.94
2023-09-25,31700.0,0.0,22.45,82.87
2023-09-26,31700.0,0.0,22.17,77.86
2023-09-27,31750.0,0.0,22.2,79.22
2023-09-28,32600.0,0.0,22.85,80.54
2023-09-29,32700.0,0.0,23.05,80.4
2023-09-30,32700.0,0.21,22.75,79.75
2023-10-01,32700.0,0.1,22.22,78.72
2023-10-02,32700.0,0.05,21.93,80.77
2023-10-03,32850.0,0.03,22.3,80.27
2023-10-04,32950.0,0.28,23.59,81.16
2023-10-05,38200.0,0.32,24.14,80.94
2023-10-06,38200.0,0.18,24.4,80.93
2023-10-07,38200.0,0.0,24.39,79.06
2023-10-08,38200.0,0.03,24.33,79.4
2023-10-09,38200.0,0.11,24.48,78.17
2023-10-10,38350.0,6.5,24.22,81.79
2023-10-11,38450.0,0.19,23.17,76.01
2023-10-12,43100.0,0.01,22.7,80.56
2023-10-13,43100.0,0.03,23.68,78.56
2023-10-14,43100.0,0.13,23.55,79.57
2023-10-15,43100.0,0.09,23.76,81.32
2023-10-16,43100.0,0.01,24.23,79.19
2023-10-17,43300.0,0.0,24.35,76.34
2023-10-18,43950.0,0.01,24.43,75.67
2023-10-19,47200.0,0.08,23.78,78.98
2023-10-20,47200.0,3.31,24.39,79.84
2023-10-21,47200.0,2.91,24.74,77.25
2023-10-22,47200.0,1.73,24.86,75.54
2023-10-23,47200.0,5.64,24.41,79.32
2023-10-24,47400.0,3.42,24.29,78.81
2023-10-25,47800.0,3.11,24.12,81.4
2023-10-26,54450.0,1.71,24.69,79.14
2023-10-27,54450.0,0.01,24.29,78.17
2023-10-28,54450.0,0.01,24.44,75.87
2023-10-29,54450.0,0.02,24.63,76.18
2023-10-30,54450.0,0.04,24.88,75.82
2023-10-31,54750.0,8.4,25.04,78.7
2023-11-01,55200.0,3.98,24.91,80.46
2023-11-02,62200.0,8.26,24.87,80.11
2023-11-03,62200.0,7.77,24.74,81.79
2023-11-04,62200.0,9.11,23.48,87.63
2023-11-05,62200.0,7.03,23.08,89.87
2023-11-06,62200.0,1.08,23.69,85.37
2023-11-07,62600.0,0.11,24.53,81.13
2023-11-08,62700.0,0.15,25.23,77.56
2023-11-09,65200.0,0.24,25.15,78.86
2023-11-10,65200.0,0.55,25.09,77.43
2023-11-11,65200.0,7.46,24.83,80.28
2023-11-12,65200.0,13.69,24.32,82.38
2023-11-13,65200.0,2.74,24.38,84.0
2023-11-14,65450.0,14.1,23.49,91.28
2023-11-15,65300.0,15.83,23.38,89.67
2023-11-16,67600.0,2.73,24.3,86.64
2023-11-17,67600.0,12.22,23.85,88.02
2023-11-18,67600.0,2.28,24.31,83.33
2023-11-19,67600.0,1.11,23.95,80.95
2023-11-20,67600.0,1.89,24.11,82.65
2023-11-21,67950.0,2.76,24.52,82.56
2023-11-22,68600.0,5.4,24.61,84.07
2023-11-23,77450.0,4.45,24.36,86.34
2023-11-24,77450.0,4.95,24.17,86.11
2023-11-25,77450.0,14.29,22.99,89.11
2023-11-26,77450.0,34.47,23.99,84.73
2023-11-27,77450.0,8.83,23.35,86.82
2023-11-28,77600.0,12.23,23.75,84.38
2023-11-29,77400.0,12.98,24.21,85.27
2023-11-30,79700.0,36.66,23.65,89.92
2023-12-01,79550.0,37.56,23.63,89.05
2023-12-02,79550.0,11.1,23.93,85.29
2023-12-03,79550.0,8.13,23.83,87.05
2023-12-04,79550.0,12.01,23.15,87.53
2023-12-05,79650.0,15.73,23.6,89.07
2023-12-06,79650.0,11.45,23.74,90.86
2023-12-07,84600.0,1.85,24.22,85.79
2023-12-08,84600.0,0.74,24.31,85.84
2023-12-09,84600.0,0.85,23.77,87.2
2023-12-10,84600.0,3.25,23.24,87.98
2023-12-11,84600.0,1.79,23.93,85.26
2023-12-12,84650.0,0.24,23.97,78.11
2023-12-13,84450.0,0.04,24.55,78.93
2023-12-14,85450.0,4.55,24.55,83.38
2023-12-15,85450.0,2.04,24.39,81.42
2023-12-16,85450.0,3.07,24.8,81.9
2023-12-17,85450.0,13.41,24.66,83.74
2023-12-18,85450.0,11.09,24.45,84.19
2023-12-19,84950.0,7.56,23.89,84.98
2023-12-20,84550.0,3.76,23.89,81.1
2023-12-21,81050.0,1.29,24.15,79.89
2023-12-22,81050.0,0.1,24.8,81.45
2023-12-23,81050.0,0.83,25.18,83.0
2023-12-24,81050.0,5.5,25.32,81.37
2023-12-25,81050.0,33.88,23.88,91.0
2023-12-26,81050.0,8.8,24.25,87.46
2023-12-27,80900.0,9.07,24.07,85.12
2023-12-28,80100.0,1.21,24.88,85.5
2023-12-29,80250.0,5.24,24.21,91.72
2023-12-30,80250.0,4.36,24.1,91.36
2023-12-31,80250.0,16.96,23.72,91.56
2024-01-01,80250.0,12.33,24.35,88.34
2024-01-02,80300.0,18.49,24.36,93.2
2024-01-03,80050.0,7.28,24.4,88.74
2024-01-04,73200.0,39.59,22.71,91.54
2024-01-05,73200.0,10.8,23.79,87.28
2024-01-06,73200.0,21.72,23.66,90.57
2024-01-07,73200.0,17.68,24.13,86.56
2024-01-08,73200.0,28.27,24.05,87.46
2024-01-09,72600.0,10.61,24.77,84.44
2024-01-10,71850.0,28.96,24.69,85.36
2024-01-11,55700.0,43.82,24.02,90.85
2024-01-12,55500.0,4.58,24.32,87.13
2024-01-13,55500.0,6.67,24.25,83.94
2024-01-14,55500.0,6.96,24.48,81.99
2024-01-15,55500.0,3.97,24.36,85.15
2024-01-16,55350.0,3.62,24.84,83.66
2024-01-17,55500.0,3.03,24.31,86.84
2024-01-18,49250.0,12.65,23.82,85.14
2024-01-19,49250.0,25.74,23.59,88.34
2024-01-20,49250.0,1.62,24.01,84.79
2024-01-21,49250.0,14.59,24.04,86.61
2024-01-22,49250.0,11.93,23.9,85.7
2024-01-23,48850.0,3.68,24.1,84.91
2024-01-24,48450.0,4.55,24.35,84.6
2024-01-25,41150.0,7.93,24.52,85.36
2024-01-26,41150.0,10.22,23.71,89.38
2024-01-27,41150.0,10.22,23.7,89.93
2024-01-28,41150.0,8.48,23.69,87.36
2024-01-29,41150.0,7.46,23.73,89.49
2024-01-30,41250.0,5.57,23.77,88.99
2024-01-31,41250.0,30.88,23.93,88.87
2024-02-01,38450.0,25.69,24.05,88.03
2024-02-02,38450.0,12.51,23.43,89.76
2024-02-03,38450.0,12.17,24.08,85.26
2024-02-04,38450.0,13.69,23.76,86.88
2024-02-05,38450.0,11.86,24.29,85.37
2024-02-06,38500.0,5.93,23.46,88.05
2024-02-07,38250.0,1.59,23.91,78.97
2024-02-08,38600.0,2.2,24.38,82.14
2024-02-09,38550.0,4.01,24.28,88.15
2024-02-10,38550.0,30.56,23.44,93.3
2024-02-11,38550.0,17.8,23.35,92.83
2024-02-12,38950.0,4.88,23.9,86.99
2024-02-13,39400.0,6.92,24.36,84.71
2024-02-14,39400.0,6.9,24.5,90.21
2024-02-15,41900.0,24.06,24.25,93.06
2024-02-16,41900.0,21.35,24.74,87.82
2024-02-17,41900.0,25.07,24.98,86.3
2024-02-18,41900.0,17.44,24.52,85.61
2024-02-19,41900.0,19.63,24.43,87.57
2024-02-20,42650.0,4.83,25.15,84.49
2024-02-21,43250.0,6.21,24.97,87.36
2024-02-22,58600.0,5.73,25.36,83.25
2024-02-23,58600.0,3.64,24.61,88.76
2024-02-24,58600.0,11.28,24.79,86.33
2024-02-25,58600.0,23.9,23.83,91.41
2024-02-26,58600.0,2.6,24.5,85.42
2024-02-27,58950.0,10.77,24.93,85.52
2024-02-28,59050.0,30.27,23.95,93.42
2024-02-29,57450.0,3.59,25.0,86.22
2024-03-01,57450.0,30.09,24.78,90.44
2024-03-02,57450.0,15.3,24.28,91.2
2024-03-03,57450.0,6.61,23.96,92.83
2024-03-04,57450.0,5.28,24.32,88.0
2024-03-05,57400.0,13.65,25.0,86.97
2024-03-06,57400.0,12.91,24.41,89.94
2024-03-07,56150.0,2.98,24.97,87.96
2024-03-08,56450.0,10.24,24.37,91.54
2024-03-09,56450.0,14.73,23.24,91.43
2024-03-10,56450.0,12.46,22.8,85.63
2024-03-11,56450.0,6.91,23.24,91.8
2024-03-12,56400.0,6.12,23.11,90.76
2024-03-13,56450.0,17.23,22.68,89.75
2024-03-14,59600.0,24.91,23.09,90.73
2024-03-15,59600.0,6.98,23.0,87.36
2024-03-16,59600.0,8.37,23.33,89.7
2024-03-17,59600.0,6.87,23.43,89.09
2024-03-18,59600.0,0.51,23.69,88.05
2024-03-19,59250.0,0.05,23.93,84.6
2024-03-20,58700.0,0.73,24.2,79.98
2024-03-21,44900.0,3.83,24.52,82.77
2024-03-22,44900.0,9.15,24.46,87.62
2024-03-23,44900.0,3.35,24.48,89.08
2024-03-24,44900.0,0.85,24.23,90.56
2024-03-25,44900.0,4.76,24.02,89.74
2024-03-26,44500.0,7.02,24.31,89.91
2024-03-27,44250.0,11.73,23.63,90.49
2024-03-28,41250.0,15.67,24.17,86.29
2024-03-29,41250.0,8.85,24.62,87.71
2024-03-30,41250.0,3.72,24.94,89.53
2024-03-31,41250.0,5.18,24.08,88.66
2024-04-01,41250.0,8.49,23.59,90.57
2024-04-02,41050.0,9.3,23.87,88.47
2024-04-03,40900.0,15.9,23.81,93.0
2024-04-04,41100.0,10.62,24.31,88.13
2024-04-05,41100.0,10.05,24.68,88.34
2024-04-06,41100.0,11.56,23.68,89.88
2024-04-07,41100.0,1.57,24.57,82.4
2024-04-08,41100.0,18.9,24.46,84.46
2024-04-09,41100.0,26.77,24.07,89.07
2024-04-10,41100.0,6.34,24.23,89.89
2024-04-11,41000.0,10.03,24.35,90.35
2024-04-12,41800.0,17.0,24.24,92.26
2024-04-13,41800.0,5.34,24.39,89.59
2024-04-14,41800.0,12.76,24.25,92.47
2024-04-15,41800.0,2.42,24.75,89.03
2024-04-16,41400.0,1.88,24.45,91.96
2024-04-17,41650.0,3.96,23.94,91.62
2024-04-18,43900.0,20.72,23.69,92.52
2024-04-19,43950.0,13.28,23.99,92.37
2024-04-20,43950.0,1.77,24.22,91.58
2024-04-21,43950.0,5.54,24.62,86.77
2024-04-22,43950.0,5.7,24.46,90.18
2024-04-23,43950.0,5.57,24.5,90.42
2024-04-24,43500.0,8.43,24.29,90.47
2024-04-25,44050.0,7.53,24.45,91.12
2024-04-26,44050.0,14.1,23.96,91.08
2024-04-27,44050.0,7.45,24.25,89.82
2024-04-28,44050.0,5.72,24.33,91.41
2024-04-29,44050.0,1.92,24.17,93.56
2024-04-30,44050.0,1.57,24.43,91.21
2024-05-01,43950.0,8.74,24.17,93.1
2024-05-02,43350.0,0.49,24.19,91.8
2024-05-03,43650.0,0.66,24.16,91.37
2024-05-04,43650.0,1.36,23.79,90.69
2024-05-05,43650.0,1.09,22.99,90.04
2024-05-06,43650.0,0.08,22.85,88.7
2024-05-07,43550.0,0.07,22.83,87.89
2024-05-08,43700.0,0.46,23.53,87.21
2024-05-09,41100.0,0.58,24.08,88.68
2024-05-10,40850.0,1.15,24.15,90.55
2024-05-11,40850.0,2.55,24.29,90.21
2024-05-12,40850.0,12.11,23.56,93.23
2024-05-13,40750.0,1.96,23.98,89.7
2024-05-14,40850.0,1.08,24.14,89.54
2024-05-15,40750.0,0.17,23.91,88.25
2024-05-16,41500.0,0.25,23.26,88.95
2024-05-17,41500.0,1.0,23.38,88.93
2024-05-18,41500.0,1.76,23.74,89.89
2024-05-19,41500.0,0.15,22.96,89.54
2024-05-20,41500.0,0.04,23.12,89.55
2024-05-21,41600.0,0.06,23.39,89.61
2024-05-22,41900.0,0.2,23.38,89.52
2024-05-23,42350.0,0.92,23.97,89.06
2024-05-24,42050.0,19.09,24.35,89.82
2024-05-25,42050.0,7.67,23.49,90.93
2024-05-26,42050.0,1.74,23.88,89.93
2024-05-27,42300.0,0.3,23.85,89.54
2024-05-28,42200.0,0.22,23.97,88.72
2024-05-29,42200.0,3.6,24.12,89.26
2024-05-30,43300.0,0.34,23.63,89.13
2024-05-31,43300.0,1.2,23.62,90.1
2024-06-01,43300.0,0.81,24.2,89.68
2024-06-02,43300.0,5.22,23.39,92.36
2024-06-03,43300.0,11.28,23.15,92.08
2024-06-04,43300.0,1.89,23.47,90.57
2024-06-05,43300.0,1.55,22.97,89.58
2024-06-06,43300.0,2.2,22.56,89.49
2024-06-07,43300.0,0.58,23.46,87.22
2024-06-08,43300.0,0.13,23.7,89.02
2024-06-09,43300.0,1.35,23.53,90.74
2024-06-10,43300.0,0.85,23.6,90.8
2024-06-11,43400.0,5.57,23.86,91.79
2024-06-12,43750.0,2.88,23.69,88.8
2024-06-13,48800.0,0.73,23.7,87.51
2024-06-14,49250.0,0.92,23.45,86.24
2024-06-15,49250.0,7.97,23.86,88.77
2024-06-16,49250.0,0.9,23.41,89.66
2024-06-17,49250.0,2.08,23.26,86.48
2024-06-18,49250.0,10.23,23.34,90.87
2024-06-19,49450.0,0.19,22.64,89.23
2024-06-20,48000.0,0.05,22.05,88.51
2024-06-21,48000.0,0.03,22.3,89.12
2024-06-22,48000.0,0.01,21.43,88.71
2024-06-23,48000.0,0.32,22.02,89.49
2024-06-24,48000.0,3.08,22.97,90.88
2024-06-25,47950.0,11.46,23.24,90.3
2024-06-26,47700.0,2.04,23.44,88.91
2024-06-27,42400.0,3.42,23.73,87.79
2024-06-28,41150.0,4.29,24.13,87.23
2024-06-29,41150.0,17.31,23.78,91.41
2024-06-30,41150.0,16.32,23.64,89.71
2024-07-01,41150.0,7.97,23.39,89.07
2024-07-02,41000.0,225.45,23.09,91.96
2024-07-03,41100.0,51.15,23.21,91.49
2024-07-04,45550.0,14.71,22.62,93.53
2024-07-05,45550.0,17.66,22.96,91.58
2024-07-06,45550.0,26.22,22.6,92.37
2024-07-07,45550.0,9.88,23.74,88.56
2024-07-08,45550.0,3.5,23.59,89.56
2024-07-09,45550.0,0.99,22.75,89.42
2024-07-10,46000.0,0.02,22.78,88.82
2024-07-11,49400.0,0.07,21.34,89.25
2024-07-12,48550.0,0.04,20.77,89.09
2024-07-13,48550.0,0.02,20.83,89.35
2024-07-14,48550.0,0.0,19.53,88.73
2024-07-15,49400.0,0.0,19.93,89.19
2024-07-16,49400.0,0.0,21.21,89.66
2024-07-17,49650.0,0.0,22.0,89.96
2024-07-18,55850.0,0.0,22.08,89.59
2024-07-19,55850.0,0.0,21.49,89.85
2024-07-20,55850.0,0.0,21.34,89.47
2024-07-21,55850.0,0.0,21.34,88.99
2024-07-22,55850.0,0.0,21.45,89.03
2024-07-23,55850.0,0.17,21.66,88.2
2024-07-24,56950.0,0.01,21.81,87.83
2024-07-25,60250.0,0.04,22.09,87.64
2024-07-26,60450.0,0.45,21.78,89.08
2024-07-27,60450.0,0.4,21.6,89.47
2024-07-28,60450.0,0.02,21.63,88.65
2024-07-29,60450.0,0.01,21.58,87.97
2024-07-30,60350.0,0.06,21.91,88.78
2024-07-31,60450.0,0.21,22.42,88.97
2024-08-01,64300.0,5.78,22.83,89.62
2024-08-02,64300.0,36.33,23.07,89.78
2024-08-03,64300.0,5.67,22.64,90.16
2024-08-04,64300.0,3.87,22.07,89.65
2024-08-05,64300.0,0.59,21.59,87.55
2024-08-06,64300.0,0.04,21.41,88.71
2024-08-07,64400.0,0.02,21.53,89.13
2024-08-08,63800.0,0.1,22.33,89.1
2024-08-09,63700.0,0.02,22.58,88.67
2024-08-10,63700.0,0.37,22.38,88.53
2024-08-11,63700.0,0.1,21.17,87.33
2024-08-12,63700.0,0.0,20.36,86.63
2024-08-13,63500.0,0.0,20.73,85.51
2024-08-14,63200.0,0.0,21.52,87.67
2024-08-15,58350.0,0.01,21.22,86.83
2024-08-16,58600.0,0.0,21.41,84.13
2024-08-17,58600.0,0.0,21.4,86.76
2024-08-18,58600.0,0.0,22.1,86.28
2024-08-19,58600.0,0.0,21.81,86.97
2024-08-20,58550.0,0.0,21.91,86.08
2024-08-21,57550.0,0.01,22.12,85.86
2024-08-22,52500.0,0.01,22.62,85.49
2024-08-23,52650.0,0.01,22.38,86.11
2024-08-24,52650.0,0.36,21.25,85.52
2024-08-25,52650.0,0.48,21.76,86.86
2024-08-26,52650.0,0.05,22.28,87.01
2024-08-27,52650.0,0.13,21.52,86.67
2024-08-28,52000.0,0.05,21.99,84.45
2024-08-29,45200.0,0.06,21.92,85.43
2024-08-30,45150.0,0.01,21.82,84.01
2024-08-31,45150.0,0.02,22.5,84.73
2024-09-01,45150.0,0.01,22.92,84.92
2024-09-02,45150.0,0.04,23.07,85.35
2024-09-03,45150.0,2.45,22.25,85.42
2024-09-04,45050.0,22.56,22.83,87.17
2024-09-05,43450.0,16.15,23.19,87.81
2024-09-06,43450.0,0.46,23.08,86.65
2024-09-07,43450.0,0.35,22.66,86.25
2024-09-08,43450.0,2.96,23.67,87.48
2024-09-09,43450.0,7.41,23.1,90.45
2024-09-10,43450.0,26.67,23.11,88.42
2024-09-11,43050.0,10.1,22.92,87.32
2024-09-12,43800.0,3.82,22.82,86.88
2024-09-13,43800.0,1.29,21.98,84.13
2024-09-14,43800.0,0.22,21.75,83.44
2024-09-15,43800.0,1.39,21.64,85.3
2024-09-16,43800.0,0.2,21.07,83.69
2024-09-17,43800.0,0.03,21.21,82.85
2024-09-18,43800.0,0.01,20.96,80.6
2024-09-19,43900.0,0.01,21.54,81.19
2024-09-20,43900.0,0.02,23.12,80.05
2024-09-21,43900.0,0.08,23.89,82.5
2024-09-22,43900.0,0.2,24.41,83.56
2024-09-23,43900.0,1.43,24.33,87.21
2024-09-24,43900.0,65.23,23.66,89.78
2024-09-25,44100.0,8.75,23.75,83.22
2024-09-26,42800.0,29.7,23.19,91.04
2024-09-27,42800.0,6.53,23.73,87.08
2024-09-28,42800.0,0.3,24.0,86.94
2024-09-29,42800.0,2.2,24.23,86.82
2024-09-30,42800.0,1.25,23.88,87.42
2024-10-01,42800.0,1.22,24.01,86.61
2024-10-02,42750.0,1.06,24.06,86.44
2024-10-03,42500.0,0.28,23.51,88.02
2024-10-04,42500.0,4.62,24.04,86.68
2024-10-05,42500.0,4.45,23.77,87.45
2024-10-06,42500.0,0.4,23.94,85.4
2024-10-07,42500.0,0.13,23.91,85.04
2024-10-08,42500.0,0.18,23.4,86.08
2024-10-09,42550.0,0.07,23.7,85.05
2024-10-10,43050.0,2.22,24.17,85.86
2024-10-11,43300.0,0.16,24.36,85.92
2024-10-12,43300.0,0.84,24.47,86.42
2024-10-13,43300.0,0.52,23.96,86.4
2024-10-14,43400.0,2.01,24.06,84.36
2024-10-15,43400.0,0.84,23.29,82.93
2024-10-16,43400.0,0.09,22.29,81.06
2024-10-17,41900.0,0.08,22.58,78.66
2024-10-18,41900.0,0.13,23.41,79.02
2024-10-19,41900.0,1.23,24.26,82.08
2024-10-20,41900.0,0.8,23.02,84.91
2024-10-21,41900.0,0.04,24.04,78.48
2024-10-22,41900.0,4.69,24.0,83.31
2024-10-23,42100.0,5.58,23.94,86.15
2024-10-24,38400.0,3.67,24.16,84.31
2024-10-25,38400.0,3.2,24.05,82.8
2024-10-26,38400.0,3.84,24.08,83.22
2024-10-27,38400.0,3.73,24.43,83.82
2024-10-28,38400.0,1.16,24.63,83.58
2024-10-29,38400.0,0.09,24.48,80.91
2024-10-30,38000.0,17.07,23.92,84.04
2024-10-31,34800.0,34.28,23.63,89.08
2024-11-01,34750.0,7.55,23.62,85.55
2024-11-02,34750.0,12.98,23.74,83.91
2024-11-03,34750.0,10.85,23.52,85.94
2024-11-04,34750.0,5.33,23.48,86.9
2024-11-05,34750.0,17.5,23.55,87.54
2024-11-06,34950.0,4.56,23.02,87.24
2024-11-07,36250.0,1.78,23.72,85.77
2024-11-08,36200.0,6.17,23.93,85.32
2024-11-09,36200.0,11.38,23.4,89.59
2024-11-10,36200.0,19.82,23.63,83.27
2024-11-11,36200.0,24.66,23.43,87.72
2024-11-12,36200.0,3.68,24.6,83.25
2024-11-13,36150.0,0.49,24.47,84.45
2024-11-14,40300.0,0.45,24.33,85.79
2024-11-15,40300.0,2.23,24.39,86.3
2024-11-16,40300.0,8.09,23.91,88.98
2024-11-17,40300.0,30.73,24.37,86.58
2024-11-18,40300.0,20.83,24.45,86.26
2024-11-19,40300.0,31.18,23.81,90.31
2024-11-20,40200.0,14.34,23.83,91.64
2024-11-21,38100.0,31.13,24.24,89.48
2024-11-22,38200.0,12.26,24.68,85.93
2024-11-23,38200.0,9.08,23.53,88.18
2024-11-24,38200.0,36.42,23.55,90.86
2024-11-25,38050.0,16.47,24.14,85.55
2024-11-26,38050.0,9.05,24.28,87.6
2024-11-27,37650.0,10.34,24.48,84.92
2024-11-28,35750.0,49.24,23.55,92.97
2024-11-29,35750.0,15.17,23.59,87.36
2024-11-30,35750.0,4.06,23.87,86.37
2024-12-01,35750.0,23.98,23.37,88.5
2024-12-02,35750.0,5.5,23.41,89.38
2024-12-03,35750.0,23.03,22.8,90.94
2024-12-04,35800.0,25.27,22.74,89.85
2024-12-05,34800.0,8.15,23.44,91.84
2024-12-06,34800.0,12.2,23.5,91.07
2024-12-07,34800.0,4.28,23.87,89.86
2024-12-08,34800.0,11.71,24.44,90.35
2024-12-09,34800.0,8.18,24.26,89.39
2024-12-10,34800.0,4.46,24.3,87.07
2024-12-11,34950.0,2.33,23.85,87.6
2024-12-12,34300.0,0.34,24.07,84.98
2024-12-13,34300.0,6.68,24.17,86.49
2024-12-14,34300.0,6.18,23.29,90.72
2024-12-15,34300.0,4.38,23.25,88.71
2024-12-16,34300.0,7.08,23.64,90.3
2024-12-17,34300.0,3.76,24.05,85.8
2024-12-18,34600.0,6.23,23.82,87.21
2024-12-19,38450.0,10.1,23.75,87.53
2024-12-20,38450.0,4.77,23.6,88.6
2024-12-21,38450.0,1.8,23.23,86.84
2024-12-22,38450.0,8.49,23.77,86.52
2024-12-23,38450.0,10.81,24.12,86.82
2024-12-24,38900.0,5.11,23.35,90.46
2024-12-25,38900.0,10.77,23.15,88.62
2024-12-26,46350.0,4.85,23.07,87.98
2024-12-27,46050.0,15.4,23.68,82.43
2024-12-28,46050.0,2.82,23.7,83.71
2024-12-29,46050.0,3.52,23.87,82.56
2024-12-30,46050.0,5.63,22.33,85.4
2024-12-31,46050.0,4.09,22.93,86.72
2025-01-01,46100.0,4.87,22.93,87.34
2025-01-02,59600.0,6.18,23.7,81.68
2025-01-03,60300.0,14.8,24.2,84.88
2025-01-04,60300.0,20.22,23.46,88.24
2025-01-05,60300.0,8.22,23.56,84.86
2025-01-06,60200.0,32.29,23.39,88.6
2025-01-07,60200.0,29.25,23.14,90.69
2025-01-08,61000.0,14.4,22.75,90.8
2025-01-09,71250.0,5.97,22.13,92.55
2025-01-10,71350.0,5.66,23.13,86.71
2025-01-11,71350.0,13.22,23.67,86.82
2025-01-12,71350.0,8.41,23.44,88.62
2025-01-13,71350.0,2.87,23.79,87.92
2025-01-14,71350.0,17.32,23.3,89.0
2025-01-15,71650.0,32.47,23.64,87.75
2025-01-16,71050.0,5.26,23.65,87.99
2025-01-17,72400.0,26.72,23.56,88.06
2025-01-18,72400.0,4.95,23.6,86.35
2025-01-19,72400.0,9.22,23.16,88.42
2025-01-20,72400.0,13.49,22.86,90.2
2025-01-21,72400.0,23.1,22.76,91.76
2025-01-22,72200.0,10.01,22.86,89.24
2025-01-23,60300.0,27.74,23.2,87.88
2025-01-24,60300.0,25.65,23.73,87.39
2025-01-25,60300.0,4.44,23.38,90.42
2025-01-26,60300.0,52.63,23.15,94.36
2025-01-27,60300.0,0.7,23.35,89.03
2025-01-28,60300.0,9.8,23.52,89.77
2025-01-29,60300.0,29.01,22.46,94.38
2025-01-30,59850.0,4.86,21.95,92.64
2025-01-31,59550.0,2.84,22.7,91.73
2025-02-01,59550.0,11.95,22.6,92.77
2025-02-02,59550.0,8.51,22.53,93.37
2025-02-03,59550.0,0.98,22.75,91.04
2025-02-04,59550.0,0.67,22.52,87.91
2025-02-05,59400.0,3.53,22.85,88.27
2025-02-06,57950.0,7.33,22.71,90.54
2025-02-07,58350.0,4.25,22.78,91.63
2025-02-08,58350.0,2.36,23.29,90.03
2025-02-09,58350.0,9.61,23.37,90.12
2025-02-10,58350.0,3.1,23.44,87.89
2025-02-11,58350.0,0.44,23.65,84.33
2025-02-12,58200.0,1.88,23.66,85.07
2025-02-13,58450.0,4.89,23.7,85.17
2025-02-14,58450.0,9.52,23.95,86.0
2025-02-15,58450.0,1.74,23.61,86.08
2025-02-16,58450.0,20.03,23.87,87.82
2025-02-17,58450.0,22.22,23.02,90.58
2025-02-18,58450.0,16.52,23.09,89.26
2025-02-19,58600.0,20.2,22.4,90.21
2025-02-20,60900.0,2.4,22.83,87.39
2025-02-21,60900.0,11.91,23.42,89.13
2025-02-22,60900.0,9.21,23.63,89.04
2025-02-23,60900.0,7.22,22.86,92.84
2025-02-24,60900.0,27.2,22.49,89.36
2025-02-25,60900.0,14.97,23.88,86.65
2025-02-26,61200.0,6.75,22.75,93.62
2025-02-27,75400.0,18.06,23.67,88.24
2025-02-28,75400.0,39.83,23.98,89.41
2025-03-01,75400.0,18.08,23.9,89.16
2025-03-02,75400.0,26.03,23.53,92.47
2025-03-03,75400.0,23.46,23.45,93.76
2025-03-04,75400.0,4.36,23.3,87.89
2025-03-05,75850.0,0.69,23.6,86.2
2025-03-06,83050.0,6.47,24.28,85.06
2025-03-07,83050.0,4.91,23.68,88.69
2025-03-08,83050.0,6.72,23.31,91.23
2025-03-09,83050.0,4.59,23.29,92.8
2025-03-10,83050.0,7.19,22.79,93.21
2025-03-11,83050.0,0.83,23.48,89.96
2025-03-12,82250.0,1.53,23.26,92.61
2025-03-13,74100.0,17.87,23.88,85.23
2025-03-14,74000.0,11.23,22.96,84.74
2025-03-15,74000.0,5.43,23.31,89.37
2025-03-16,74000.0,2.95,23.3,94.98
2025-03-17,74000.0,13.75,22.88,92.31
2025-03-18,74000.0,4.66,22.65,91.9
2025-03-19,74100.0,5.2,23.2,89.38
2025-03-20,76900.0,0.49,23.78,86.7
2025-03-21,76900.0,0.44,23.26,88.42
2025-03-22,76900.0,5.75,23.56,88.33
2025-03-23,76900.0,1.03,23.12,85.08
2025-03-24,76900.0,1.26,22.78,87.61
2025-03-25,76900.0,0.51,22.79,90.2
2025-03-26,77450.0,1.59,23.32,91.65
2025-03-27,84000.0,1.3,23.42,91.35
2025-03-28,83300.0,6.05,23.95,87.04
2025-03-29,83300.0,1.19,23.4,90.61
2025-03-30,83300.0,0.9,23.7,86.76
2025-03-31,83300.0,4.49,23.61,88.13
2025-04-01,84000.0,6.8,22.92,89.26
2025-04-02,84000.0,10.02,23.17,90.29
2025-04-03,83700.0,2.26,23.19,86.59
2025-04-04,83750.0,1.48,23.67,88.43
2025-04-05,83750.0,1.26,22.66,92.5
2025-04-06,83750.0,23.03,22.88,92.24
2025-04-07,83750.0,3.4,23.27,88.85
2025-04-08,83700.0,0.28,23.35,87.57
2025-04-09,83550.0,19.42,23.7,90.33
2025-04-10,70900.0,11.85,24.59,82.09
2025-04-11,70900.0,0.85,23.63,87.95
2025-04-12,70900.0,6.45,23.55,90.37
2025-04-13,70900.0,20.05,23.21,91.41
2025-04-14,70900.0,6.11,22.72,90.78
2025-04-15,70900.0,0.38,23.19,88.24
2025-04-16,70600.0,1.03,23.47,90.12
2025-04-17,75250.0,0.93,23.16,94.21
2025-04-18,75250.0,2.82,23.43,87.98
2025-04-19,75250.0,2.0,23.66,88.74
2025-04-20,75250.0,5.97,24.19,88.7
2025-04-21,75250.0,2.54,23.51,89.92
2025-04-22,75250.0,1.89,23.29,85.92
2025-04-23,74400.0,12.39,23.4,88.26
2025-04-24,66450.0,36.46,22.97,93.69
2025-04-25,66450.0,5.45,23.73,86.94
2025-04-26,66450.0,8.41,23.86,89.79
2025-04-27,66450.0,0.71,23.52,90.07
2025-04-28,66450.0,5.34,22.42,88.35
2025-04-29,66450.0,1.67,21.63,88.23
2025-04-30,65800.0,0.43,22.52,89.56
2025-05-01,58350.0,2.16,23.19,90.2
2025-05-02,58350.0,13.74,24.04,83.11
2025-05-03,58350.0,18.69,24.18,88.32
2025-05-04,58350.0,4.01,23.78,91.39
2025-05-05,58350.0,1.75,23.65,88.93
2025-05-06,58350.0,4.19,23.61,93.98
2025-05-07,58100.0,8.2,23.46,93.32
2025-05-08,51100.0,11.15,23.49,92.58
2025-05-09,51100.0,2.44,23.8,88.0
2025-05-10,51100.0,1.4,24.25,87.2
2025-05-11,51100.0,8.84,23.4,92.02
2025-05-12,51100.0,1.88,24.28,85.79
2025-05-13,51100.0,5.13,23.63,93.0
2025-05-14,51100.0,10.36,23.46,91.9
2025-05-15,46700.0,7.75,23.97,89.21
2025-05-16,46700.0,9.34,22.99,92.08
2025-05-17,46700.0,10.23,23.97,87.77
2025-05-18,46700.0,4.21,23.72,89.48
2025-05-19,46700.0,3.44,22.9,90.91
2025-05-20,46700.0,5.58,23.36,91.18
2025-05-21,46650.0,21.98,23.66,93.72
2025-05-22,42600.0,37.49,23.47,89.28
2025-05-23,42600.0,20.41,23.09,90.39
2025-05-24,42600.0,36.22,23.7,93.02
2025-05-25,42600.0,14.18,23.79,92.02
2025-05-26,42600.0,19.69,23.61,96.57
2025-05-27,42600.0,5.18,24.37,84.65
2025-05-28,42550.0,0.32,24.39,85.62
2025-05-29,41800.0,12.74,24.23,89.25
2025-05-30,41800.0,11.83,24.11,87.92
2025-05-31,41800.0,1.87,23.96,83.6
2025-06-01,41800.0,0.79,22.76,89.12
2025-06-02,41800.0,0.13,23.34,86.46
2025-06-03,41800.0,1.19,23.73,86.73
2025-06-04,41950.0,21.62,23.9,86.58
2025-06-05,44050.0,44.96,23.49,91.43
2025-06-06,44050.0,14.62,22.54,93.02
2025-06-07,44050.0,1.3,23.01,90.42
2025-06-08,44050.0,0.11,22.48,90.89
2025-06-09,44050.0,10.61,22.84,92.77
2025-06-10,44050.0,14.78,22.45,94.49
2025-06-11,44000.0,17.26,22.04,94.22
2025-06-12,44350.0,0.32,22.82,91.87
2025-06-13,44350.0,2.51,22.35,93.58
2025-06-14,44350.0,15.15,22.64,94.06
2025-06-15,44350.0,3.62,23.19,89.49
2025-06-16,44350.0,13.48,23.64,89.75
2025-06-17,44350.0,31.4,22.73,93.05
2025-06-18,44600.0,11.34,22.88,91.68
2025-06-19,46500.0,2.26,22.14,95.34
2025-06-20,46500.0,2.96,22.39,91.32
2025-06-21,46500.0,15.47,22.78,90.49
2025-06-22,46500.0,8.13,23.16,91.7
2025-06-23,46500.0,4.2,22.89,91.72
2025-06-24,46500.0,1.43,22.94,90.52
2025-06-25,46550.0,0.41,22.87,91.11
2025-06-26,51550.0,0.08,22.56,91.47
2025-06-27,51550.0,12.93,22.67,93.25
2025-06-28,51550.0,19.54,22.63,94.35
2025-06-29,51550.0,7.44,21.88,93.4
2025-06-30,51550.0,15.76,21.87,92.85
2025-07-01,51550.0,11.38,22.78,90.4
2025-07-02,51550.0,3.37,23.07,91.15
2025-07-03,57400.0,2.96,22.52,92.56
2025-07-04,57400.0,0.47,21.98,93.56
2025-07-05,57400.0,21.32,22.6,92.21
2025-07-06,57400.0,10.43,22.48,92.17
2025-07-07,57400.0,10.67,22.42,93.04
2025-07-08,57400.0,18.07,22.37,93.3
2025-07-09,57400.0,0.02,20.76,90.14
2025-07-10,60300.0,0.01,20.3,89.84
2025-07-11,60300.0,0.0,20.72,89.79
2025-07-12,60300.0,0.0,21.26,89.13
2025-07-13,60300.0,0.78,22.22,91.48
2025-07-14,60300.0,0.22,22.3,91.47
2025-07-15,60750.0,0.14,22.32,90.04
2025-07-16,60750.0,0.05,22.46,90.64
2025-07-17,62700.0,0.01,21.78,89.87
2025-07-18,62700.0,0.0,21.08,88.96
2025-07-19,62700.0,0.0,21.09,89.71
2025-07-20,62700.0,1.01,21.26,89.57
2025-07-21,62700.0,0.31,20.59,89.4
2025-07-22,62700.0,0.02,20.67,89.07
2025-07-23,62400.0,0.04,21.87,86.98
2025-07-24,54150.0,3.54,22.37,90.25
2025-07-25,54150.0,3.17,22.62,90.15
2025-07-26,54150.0,0.96,23.02,89.44
2025-07-27,54150.0,1.96,22.75,91.32
2025-07-28,54150.0,10.32,22.57,91.32
2025-07-29,54150.0,8.04,22.38,91.44
2025-07-30,53850.0,7.03,22.26,91.01
2025-07-31,47300.0,1.4,22.25,90.17
2025-08-01,47300.0,0.3,22.32,88.63
2025-08-02,47300.0,0.38,22.61,87.75
2025-08-03,47300.0,10.02,23.19,90.71
2025-08-04,47300.0,3.01,23.43,88.59
2025-08-05,47300.0,9.73,23.42,87.08
2025-08-06,47300.0,0.85,22.55,87.93
2025-08-07,46000.0,1.83,22.86,87.97
2025-08-08,46000.0,2.67,23.08,90.07
2025-08-09,46000.0,0.08,23.23,89.13
2025-08-10,46000.0,1.59,22.66,88.2
2025-08-11,46000.0,8.8,22.27,92.92
2025-08-12,46000.0,41.5,22.29,92.75
2025-08-13,45850.0,7.38,21.4,94.22
2025-08-14,42850.0,2.11,21.12,89.38
2025-08-15,42850.0,5.64,20.81,88.82
2025-08-16,42850.0,2.69,21.76,88.95
2025-08-17,42850.0,0.68,22.21,88.38
2025-08-18,42850.0,5.71,22.28,91.07
2025-08-19,42850.0,7.69,22.53,90.22
2025-08-20,42650.0,1.84,22.78,82.56
2025-08-21,41150.0,0.98,22.72,85.41
2025-08-22,41150.0,1.31,22.89,88.43
2025-08-23,41150.0,5.19,23.18,89.38
2025-08-24,41150.0,4.51,23.18,87.02
2025-08-25,41150.0,2.75,22.56,89.38
2025-08-26,41150.0,0.46,21.26,88.33
2025-08-27,41050.0,5.35,21.7,89.62
2025-08-28,37200.0,38.71,21.39,90.42
2025-08-29,37200.0,45.26,21.49,90.67
2025-08-30,37200.0,19.87,22.23,90.54
2025-08-31,37200.0,10.58,22.56,90.4
2025-09-01,37200.0,1.2,22.54,88.55
2025-09-02,37200.0,0.66,22.73,88.49
2025-09-03,37350.0,0.48,23.07,87.82
2025-09-04,38650.0,0.37,22.95,88.82
2025-09-05,38650.0,0.19,22.75,88.59
2025-09-06,38650.0,4.17,21.39,87.63
2025-09-07,38650.0,0.97,21.27,86.63
2025-09-08,38650.0,12.62,22.27,89.27
2025-09-09,38650.0,9.61,22.75,89.63
2025-09-10,38600.0,12.28,23.05,89.51
2025-09-11,39500.0,21.57,22.29,94.05
2025-09-12,39500.0,4.96,22.98,91.05
2025-09-13,39500.0,0.2,22.6,88.3
2025-09-14,39500.0,0.13,22.09,89.37
2025-09-15,39500.0,14.78,22.19,88.79
2025-09-16,39500.0,42.62,22.54,90.1
2025-09-17,39650.0,7.99,22.59,89.61
2025-09-18,41200.0,4.25,22.14,92.08
2025-09-19,41200.0,22.77,22.61,91.3
2025-09-20,41200.0,11.54,23.03,90.06
2025-09-21,41200.0,9.09,23.47,88.76
2025-09-22,41200.0,7.46,22.77,90.12
2025-09-23,41200.0,6.58,22.87,85.93
2025-09-24,41250.0,1.63,22.65,84.65
2025-09-25,40800.0,4.15,22.84,85.47
2025-09-26,40800.0,7.56,22.95,90.48
2025-09-27,40800.0,11.95,23.65,89.81
2025-09-28,40800.0,7.96,23.53,88.98
2025-09-29,40800.0,12.56,23.49,90.76
2025-09-30,40800.0,14.06,22.44,93.99
2025-10-01,40750.0,6.57,23.03,91.21
2025-10-02,39600.0,14.38,22.98,89.91
2025-10-03,39600.0,3.03,24.01,81.99
2025-10-04,39600.0,0.11,23.49,85.93
2025-10-05,39600.0,4.88,22.18,88.03
2025-10-06,39600.0,5.01,22.56,91.0
2025-10-07,39600.0,0.13,22.91,88.38
2025-10-08,39700.0,6.04,22.42,89.26
2025-10-09,40300.0,14.59,22.42,87.53
2025-10-10,40300.0,42.24,22.6,88.81
2025-10-11,40300.0,6.71,22.7,89.49
2025-10-12,40300.0,37.0,23.43,89.67
2025-10-13,40300.0,26.31,23.64,90.29
2025-10-14,40300.0,1.23,23.72,91.88
2025-10-15,40150.0,0.27,23.85,90.27
2025-10-16,36250.0,0.81,23.68,89.71
2025-10-17,36250.0,5.03,23.6,90.92
2025-10-18,36250.0,10.48,23.73,91.33
2025-10-19,36250.0,20.4,23.88,90.77
2025-10-20,36250.0,3.11,24.09,87.9
2025-10-21,36250.0,22.76,24.08,87.68
2025-10-22,36250.0,26.64,23.39,88.06
2025-10-23,31500.0,33.28,22.4,90.37
2025-10-24,31500.0,31.0,22.91,91.83
2025-10-25,31500.0,13.11,22.73,89.87
2025-10-26,31500.0,11.91,22.38,91.69
2025-10-27,31500.0,9.94,22.77,93.88
2025-10-28,31500.0,13.89,23.21,92.6
2025-10-29,31450.0,12.03,22.56,94.37
2025-10-30,30250.0,8.1,22.41,93.64
2025-10-31,30250.0,17.81,23.32,90.43
2025-11-01,30250.0,16.49,23.41,91.87
2025-11-02,30250.0,11.1,22.56,91.66
2025-11-03,30250.0,7.76,23.09,88.97
2025-11-04,30250.0,4.58,23.65,86.31
2025-11-05,30300.0,7.22,23.36,89.63
2025-11-06,30350.0,15.42,22.96,91.57
2025-11-07,30350.0,10.8,23.48,88.32
2025-11-08,30350.0,20.78,22.86,94.16
2025-11-09,30350.0,1.78,23.56,90.48
2025-11-10,30350.0,4.11,23.7,87.83
2025-11-11,30350.0,28.82,23.1,90.44
2025-11-12,30250.0,6.88,22.73,87.7
2025-11-13,30850.0,8.25,22.98,88.48
2025-11-14,30850.0,6.98,23.29,89.45
2025-11-15,30850.0,9.71,23.62,89.1
2025-11-16,30850.0,6.87,23.65,88.2
2025-11-17,30850.0,6.01,23.22,91.92
2025-11-18,30850.0,10.07,23.04,89.37
2025-11-19,31200.0,14.16,23.48,86.54
2025-11-20,37800.0,13.56,23.07,89.79
2025-11-21,37800.0,22.9,23.54,86.17
2025-11-22,37800.0,11.64,23.44,90.45
2025-11-23,37800.0,25.05,23.03,92.2
2025-11-24,37800.0,1.14,23.34,88.52
2025-11-25,37800.0,0.35,23.75,85.42
2025-11-26,37900.0,0.58,23.66,87.1
2025-11-27,39850.0,2.64,23.7,88.69
2025-11-28,39850.0,0.76,23.17,88.07
2025-11-29,39850.0,1.36,23.3,88.24
2025-11-30,39850.0,16.13,22.73,91.13
2025-12-01,39850.0,10.77,23.1,87.6
2025-12-02,39850.0,10.81,23.46,87.09
2025-12-03,40200.0,10.89,23.54,87.61
2025-12-04,56500.0,32.95,22.48,92.01
2025-12-05,56500.0,25.92,22.78,87.44
2025-12-06,56500.0,7.49,22.5,87.58
2025-12-07,56500.0,2.41,23.03,89.55
2025-12-08,56500.0,2.9,22.65,92.02
2025-12-09,56500.0,0.91,22.7,91.63
2025-12-10,57100.0,3.77,23.27,88.59
2025-12-11,65750.0,2.38,23.51,89.54
2025-12-12,65750.0,5.08,23.23,86.76
2025-12-13,65750.0,1.59,23.6,84.45
2025-12-14,65750.0,3.05,23.25,89.04
2025-12-15,65750.0,1.27,23.27,87.6
2025-12-16,65750.0,7.03,23.61,88.72
2025-12-17,65750.0,5.64,23.53,88.28
2025-12-18,60350.0,7.3,23.48,88.76
2025-12-19,60350.0,4.43,22.8,89.61
2025-12-20,60350.0,5.2,23.58,86.33
2025-12-21,60350.0,2.89,23.2,91.18
2025-12-22,60350.0,0.71,23.34,88.45
2025-12-23,60350.0,3.17,24.45,87.02
2025-12-24,60250.0,4.99,24.28,87.06
2025-12-25,58300.0,4.22,24.39,85.28
2025-12-26,58250.0,9.53,23.16,94.79
2025-12-27,58250.0,3.34,23.63,89.09
2025-12-28,58250.0,2.55,24.39,85.12
2025-12-29,58250.0,3.88,23.01,94.08
2025-12-30,58250.0,7.64,22.91,94.19
2025-12-31,58100.0,6.3,22.47,93.79
